mutant,score
A6I,-6.9
G15W,-2.8
D27F,7.6
P39C,-2.5
V40A,-8.5
G43P,-3.1
S49E,-0.6
I61V,1.7
G67H,-6.0
T68N,0.1499999999999999
W74F,-3.6
V75H,-11.1
V75I,-12.5
D87P,-3.1
V88I,-7.4
I91L,-10.3
I91V,-2.6
Q108D,1.6
L112V,-4.3
T113V,3.9
H114R,0.0
I115A,-5.6
I115V,-0.3
D116F,1.4
V119F,0.8
E120P,1.2
G121A,-2.7
G121C,-1.2
G121D,-5.5
G121H,-2.9
G121L,-5.2
G121S,-2.4
G121V,-2.4
G121Y,-5.5
W133F,-5.4
S135I,0.7
S138Y,1.5
E139V,-3.1
H141E,-1.7
H141F,-1.1
C152I,0.1
I155A,-13.2
I155L,-5.9
I155T,-8.3
L156Y,-2.8
E157F,-1.8
