mutant,ddG
F1F,0.0
F1Q,0.2973702870741466
F1E,0.6586845642222845
F1N,0.1908184522325462
F1H,0.1553846616115977
F1D,0.6151866978403162
F1R,-0.3649531120965905
F1K,-0.0142508510567087
F1T,0.2559912153654848
F1S,0.2955336033773128
F1A,0.1218998597736304
F1G,0.0044157857855409
F1M,-0.0326604878100282
F1L,0.0035099347855895
F1V,0.3147346654396146
F1I,0.3467017901760694
F1W,-0.5487525333414252
F1Y,-0.2589294167983023
F1P,0.1358600793317639
F1C,-0.4089685505483982
A2Q,-0.4506016569660853
A2E,-0.57505982951897
A2N,0.3413955184015758
A2H,-0.0668635291131232
A2D,0.2313307250473868
A2R,0.0068277816674489
A2K,0.1690843277508524
A2T,-0.2204964916469292
A2S,0.3108833873691519
A2G,-0.1726452791491648
A2M,-0.23381469712317
A2L,-0.330844519214247
A2V,-0.5003451551948053
A2I,-0.5632884257653514
A2W,-0.3823809716642183
A2Y,-0.1676163699614892
A2F,-0.2541583963150011
A2P,0.2358397144685837
A2C,-0.7567988074758145
V3Q,0.3813504597648043
V3E,1.1845000060103923
V3N,1.695831491555081
V3H,0.8948005951674112
V3D,2.0305622311771008
V3R,1.6978845201345436
V3K,1.707427274918586
V3T,1.510507149976694
V3S,1.3509214312640727
V3A,-0.2703135221054382
V3G,0.5947652418446978
V3M,-0.6900118761087097
V3L,1.0860810088033266
V3I,-0.5837063937305262
V3W,0.6846865036241216
V3Y,0.7611458424409745
V3F,0.7240965573110076
V3P,-0.1320053642993106
V3C,0.5810018731255211
E4Q,0.9325489715885582
E4N,1.7511563066136824
E4H,1.2314174248138652
E4D,0.8102697706244382
E4R,1.9132957208338333
E4K,1.86831951613126
E4T,1.4191389827449756
E4S,1.0926995090338838
E4A,1.0379835936580757
E4G,1.045050989398313
E4M,1.6156877064937984
E4L,1.19528763993688
E4V,0.8659486296314167
E4I,0.9051296515114536
E4W,1.7598948883219652
E4Y,1.6745310071958648
E4F,1.2709841447015746
E4P,1.5137068292242215
E4C,0.3916444290663265
S5Q,0.2774904756182765
S5E,0.2071056419245152
S5N,0.6130714416376806
S5H,0.1073814097948324
S5D,1.2736977223767685
S5R,0.1607685802515557
S5K,0.3464795595008185
S5T,0.2823876624321833
S5A,-0.070606249201595
S5G,0.498360337745849
S5M,0.034536897602917
S5L,0.0885471907474562
S5V,0.2897757931509139
S5I,0.0896614056580449
S5W,-0.1709682077549419
S5Y,-1.2158898442740744
S5F,-0.6629020596109281
S5P,1.943651501419917
S5C,-0.4828982218196533
I6Q,2.1179802548314326
I6E,2.276246099351601
I6N,2.648970085127684
I6H,2.2357625433467447
I6D,2.363426207709616
I6R,2.16891273621351
I6K,2.337564689568483
I6T,2.0614713164205205
I6S,2.2914717251047656
I6A,2.444429361555775
I6G,2.4944313595362417
I6M,1.667705020707292
I6L,0.327164610556578
I6V,0.8915185350526216
I6W,2.1035677042021104
I6Y,1.933828001722302
I6F,1.7431153848362757
I6P,2.0953313619830043
I6C,1.0296445978571185
R7Q,-0.0550093511734255
R7E,0.3373596291393186
R7N,0.765454747910721
R7H,0.4535327858150586
R7D,1.0414888190088758
R7K,0.3581597540835219
R7T,-0.0125810792483243
R7S,-0.0823796698357397
R7A,0.3867790553800394
R7G,0.8353997174539751
R7M,-0.8250866940176427
R7L,-1.3428400278512629
R7V,-0.4584857568224922
R7I,-0.9254349248854008
R7W,-0.5469845209932651
R7Y,-0.5042428988312913
R7F,-0.3753894035578358
R7P,2.130461052699893
R7C,-0.6286511611044001
K8Q,0.0751167235143936
K8E,0.4654027815551178
K8N,-0.4887431432098408
K8H,0.1427898269739382
K8D,-0.5048924943440509
K8R,-0.3911249966328163
K8T,0.8477906628156884
K8S,-0.3729376034179998
K8A,-0.996935963440154
K8G,-1.1433693466107813
K8M,-0.1417989414968383
K8L,-0.125473252150758
K8V,1.344174200958925
K8I,1.2944668074696066
K8W,0.5337226131796371
K8Y,0.5480128738775467
K8F,0.7064734303115334
K8P,2.1470717104337966
K8C,-0.9487920904597432
K9Q,0.8749184840726727
K9E,1.905071722436385
K9N,1.9202390455006355
K9H,0.3185295368510901
K9D,1.8632416659397109
K9R,0.0751063439099546
K9T,0.5888609049286089
K9S,0.5994202499917347
K9A,0.8283346203405388
K9G,1.7705066939206284
K9M,0.2221652543411587
K9L,1.0224716214835428
K9V,0.5319167670023748
K9I,0.5138088160550418
K9W,1.116077432020277
K9Y,1.3865640476829173
K9F,1.3163809986679962
K9P,2.9955954074645685
K9C,-0.107128423102591
R10Q,2.32524624757745
R10E,2.476473489629856
R10N,2.5684715221414898
R10H,2.124355331350704
R10D,2.911852263993422
R10K,1.6984956022951352
R10T,2.1839309040933848
R10S,2.36112820447905
R10A,2.200415132167552
R10G,2.310782490557108
R10M,1.5637312166944954
R10L,2.266192984591575
R10V,2.0614247609514527
R10I,2.222132361121479
R10W,2.370089826966507
R10Y,2.093555792224457
R10F,2.3387144384706486
R10P,2.3697608475725955
R10C,1.1824891578172037
V11Q,0.8799529235374415
V11E,0.7755936509304975
V11N,0.8965341357718914
V11H,0.8149286281266683
V11D,1.576698321207204
V11R,0.949292953773388
V11K,1.0851519896775597
V11T,0.3476916079979539
V11S,0.9077201980529874
V11A,1.2888304555019636
V11G,1.9961552838929992
V11M,0.0731443303876382
V11L,0.0507919750388636
V11I,-0.3448095142519514
V11W,0.2327197509572496
V11Y,-0.0314373844605251
V11F,0.0352487170154813
V11P,1.94228846139456
V11C,-0.1577077236233774
R12Q,0.8941498990518564
R12E,0.9368273475113268
R12N,0.1916630706776985
R12H,-0.1567643712693498
R12D,1.5319672159349025
R12K,0.5796396376951656
R12T,0.5008484957843178
R12S,0.4815175263049831
R12A,0.9402516482641934
R12G,2.062534618009397
R12M,0.4091315871532464
R12L,0.2742488137187173
R12V,-0.1705986307541978
R12I,-0.2281900440532376
R12W,0.334465565262017
R12Y,-0.0012132478991411
R12F,0.2013449026581724
R12P,2.361252970894546
R12C,-0.4796827123844553
K13Q,-0.2654025980203376
K13E,-0.3567727332680648
K13N,-0.9491732183590532
K13H,-0.3335309396836998
K13D,-0.7187838504922777
K13R,-0.0366753786954734
K13T,0.9885909295590056
K13S,0.0485258657962206
K13A,-0.2353952998225295
K13G,-0.3392389544274534
K13M,-0.2052526161453296
K13L,-0.1461036577808334
K13V,0.89761942666055
K13I,1.1638287803598464
K13W,0.0477839438016114
K13Y,-0.1799264293571663
K13F,-0.4024683014180623
K13P,1.6772217092169923
K13C,-0.5237614625555507
G14Q,1.4616436305756328
G14E,1.441104359342178
G14N,0.8328998760751454
G14H,1.4185501827751024
G14D,1.0030223285437532
G14R,1.58825731439104
G14K,1.4935663092970357
G14T,1.5947408872830486
G14S,1.2472951947420672
G14A,1.4447388963175387
G14M,1.6106978432251988
G14L,1.5468596787561442
G14V,2.174068545342365
G14I,1.8641936603836216
G14W,1.527712919224424
G14Y,1.4521213184548565
G14F,1.2172658251786517
G14P,1.924052790523036
G14C,0.5029957565518877
K15Q,0.2945879410688419
K15E,0.8310722969634576
K15N,0.6486908148927055
K15H,0.3210777359725605
K15D,1.5925822945300452
K15R,-0.0954289853480605
K15T,0.6459973556499237
K15S,0.8797798920152398
K15A,0.7621983346338779
K15G,0.9424850194040646
K15M,0.3508254559200949
K15L,0.4543190309756091
K15V,0.0651771042675228
K15I,0.0453383773509736
K15W,1.0707365492216114
K15Y,0.9448579330283924
K15F,0.6468494742866495
K15P,2.235456958671551
K15C,0.4287125702537979
V16Q,1.681679108568917
V16E,1.8130647434113367
V16N,0.9918303160944592
V16H,1.601247472938894
V16D,1.9078581718624512
V16R,1.366540126549248
V16K,1.238292028153657
V16T,0.295512851254577
V16S,1.2241297508593392
V16A,1.1353222571804351
V16G,2.0697365418162628
V16M,1.4176460208702903
V16L,0.8392880243820025
V16I,-0.0750892736106432
V16W,1.167396167411268
V16Y,1.3953938012031104
V16F,1.2925663584120723
V16P,1.4392983911510484
V16C,1.019040719710984
E17Q,0.591445915718622
E17N,1.8646345302101937
E17H,1.3503608026949852
E17D,1.9830488130096056
E17R,1.4705163423921106
E17K,1.7627424143705146
E17T,1.603971447739426
E17S,1.482699520852527
E17A,1.7515679430768525
E17G,2.0221280619022224
E17M,0.756219598723227
E17L,0.9964539490818792
E17V,1.1449649434946936
E17I,1.232490593647761
E17W,-0.1808413539404463
E17Y,-0.4145291987276231
E17F,0.048685381017365
E17P,1.9310728726886897
E17C,0.459468642894989
Y18Q,2.291562931762343
Y18E,2.440488454994882
Y18N,2.416894710004069
Y18H,2.1327157036301547
Y18D,2.473068139691986
Y18R,2.2196923420928374
Y18K,2.2778960764681058
Y18T,2.2844737774573183
Y18S,2.36902641532715
Y18A,2.5038018617873004
Y18G,2.260190017471526
Y18M,1.9409692339717988
Y18L,1.5908440034037823
Y18V,1.4794601177446227
Y18I,1.673630560002825
Y18W,1.3755747026175158
Y18F,0.7869665831041939
Y18C,1.2567450509231703
L19Q,1.7374250375935585
L19E,1.9605363407723253
L19N,2.0711178977647964
L19H,2.3243943696495624
L19D,2.202540442418956
L19R,2.057343507770327
L19K,1.7151983067517167
L19T,2.410781688723236
L19S,2.4318404160390235
L19A,2.6046313337690643
L19G,2.032385947159183
L19M,1.5863264506102763
L19V,2.341971961835132
L19I,1.778043202039238
L19W,1.4094513296492774
L19Y,1.0394967824032315
L19F,0.8087500808232835
L19P,2.3529564823478606
L19C,0.5021765045037392
V20Q,2.103668859085853
V20E,1.800471779850206
V20N,1.8372686302441457
V20H,1.9749103086104391
V20D,2.291017659179297
V20R,2.055747976033577
V20K,1.919616980678428
V20T,1.6909072179695777
V20S,2.2311375460647644
V20A,2.045127826344148
V20G,2.017718044674299
V20M,2.026523369521972
V20L,1.4706291667833835
V20I,0.4105909050174237
V20W,1.961237134127232
V20Y,1.8730279443036768
V20F,1.618158999809575
V20P,2.222706054014028
V20C,0.511754573552369
K21Q,-0.0200027335637149
K21E,0.4908500599761562
K21N,0.2091394502951384
K21H,0.6866709633086097
K21D,0.7932487913343589
K21R,0.5172605901174576
K21T,0.3047410828165096
K21S,0.7072045334709458
K21A,0.8877327948108398
K21G,1.6769978231419551
K21M,0.2980890705950192
K21L,-0.0079812937556931
K21V,-0.1041066581824017
K21I,0.0069806670961267
K21W,0.7063527617872882
K21Y,0.6315878679287548
K21F,0.7899824391389871
K21P,2.786434213793602
K21C,0.4766852282178571
W22Q,2.4379455682680327
W22E,2.3237536646064814
W22H,1.9281583447060533
W22D,2.15076591408833
W22R,1.975311975837809
W22K,2.063991369159013
W22T,2.458760554349604
W22S,2.233779161862089
W22A,2.8570557153904206
W22G,2.2771489754548697
W22M,1.9686527237797804
W22L,1.5435978089694764
W22V,1.820532182634654
W22I,1.6969455003448104
W22Y,0.4840700561741506
W22F,1.3081375411104326
W22P,2.3964192187249305
W22C,1.543997909987484
K23Q,0.1561139967014297
K23E,0.176873578920008
K23N,1.0261544084315752
K23H,0.401378532333545
K23D,1.2304948008041507
K23R,0.0916220124111557
K23T,0.5696855100923643
K23S,0.5684806514754928
K23A,0.1786598763125764
K23G,1.1198241786079122
K23M,0.0643285954567627
K23L,-0.137544991279586
K23V,-0.2731901234628258
K23I,-0.0367265579790685
K23W,0.3096920227331043
K23Y,-0.0837760627491257
K23F,0.0776458484704485
K23P,1.7260381536916587
K23C,-0.3598353359788451
G24Q,0.9023551027698468
G24E,0.849758351846859
G24N,0.4590181325026106
G24H,0.6303278829240007
G24D,0.3499170344855797
G24R,1.6609825113072354
G24K,1.462389068489084
G24T,1.4846367637760522
G24S,0.932963356456742
G24A,1.1286961280893697
G24M,0.7384150473587527
G24L,0.7984647107392613
G24V,1.81598012518362
G24I,1.7092949907436732
G24W,0.5535842803953908
G24Y,0.5708187899485737
G24F,0.436366178753317
G24P,1.568588346124023
G24C,0.126701138798865
W25Q,0.4722997284611774
W25E,0.8773304169619629
W25N,0.9326929516638272
W25H,0.8149016333393613
W25D,0.7675135653828469
W25R,0.5881616497598596
W25K,0.4085089553717962
W25T,0.8648296935708779
W25S,0.9683892328601896
W25A,0.9353765070907504
W25G,1.2756862753111655
W25M,0.0437221429851688
W25L,-0.5499540959618177
W25V,0.3714563144486988
W25I,0.2121946851741265
W25Y,0.1290810348720081
W25F,0.0060039469110582
W25P,1.0814015287923897
W25C,-0.0148255130230161
P26Q,1.1276894795666084
P26E,0.5346321581519418
P26N,1.0846024688528615
P26H,0.2317907758672412
P26D,0.2547280000054899
P26R,1.3996545618586356
P26K,1.2267167412559024
P26T,1.1517571888414302
P26S,0.3201925758054109
P26A,0.3638747847805295
P26G,0.1476570035264974
P26M,1.0732270392737735
P26L,0.8169815183675095
P26V,1.6692831694926382
P26I,1.2214926858868942
P26W,1.3242315951730403
P26Y,1.2442792941470722
P26F,1.298646529138177
P26C,0.7884757106260571
P27Q,0.3166992660662338
P27E,-0.5671471625429274
P27N,-0.4163157284840411
P27H,0.0272773468085536
P27D,-0.5394832815431685
P27R,0.2587049861385497
P27K,0.2292154073711216
P27T,-0.2716773725173236
P27S,-0.179297985537195
P27A,-0.4732310217954021
P27G,0.3861181156362665
P27M,-0.6428176054415853
P27L,-0.8338729400087233
P27V,-0.4040387491988895
P27I,-0.7113020593341703
P27W,-0.3764388334492605
P27Y,-0.3002954747161923
P27F,-0.1983224837997999
P27C,-0.1338264371474888
K28Q,-0.1801343337704195
K28E,-0.3442762628554119
K28N,0.3083131255528735
K28H,0.2568760756903558
K28D,0.5005962144346494
K28R,0.0405185426086247
K28T,0.3540641765227468
K28S,-0.2153822784051611
K28A,-0.0844789898030451
K28G,0.4115987399485417
K28M,-0.0570749407146862
K28L,0.3811894320815479
K28V,0.4715508794214897
K28I,0.3081160786044936
K28W,-0.3720300547672082
K28Y,-0.0242592704945914
K28F,-0.1825276189452922
K28P,0.8665790181281676
K28C,-0.1942610047351789
Y29Q,0.4709482084177276
Y29E,0.4207378015517047
Y29N,0.8959168738906826
Y29H,0.7589536206411853
Y29D,0.5446456861546334
Y29R,0.1947887127403618
Y29K,0.3025832682885476
Y29T,0.7768992100989272
Y29S,0.9491916055562656
Y29A,0.1851621886259127
Y29G,0.6611047682196869
Y29M,0.4279860331730294
Y29L,0.7249430054842567
Y29V,0.7679728694985797
Y29I,0.7766546953433204
Y29W,0.4055140156553243
Y29F,-0.1070683293768612
Y29P,0.2941315470004046
Y29C,-0.0858406640624012
S30Q,0.8854583198231043
S30E,0.7741507958741636
S30N,-0.510030818908854
S30H,1.2265866256474798
S30D,0.2580596666502051
S30R,1.7090537802525831
S30K,1.4445446228309855
S30T,1.441685345898451
S30A,0.2142397935716786
S30G,0.9623697755194758
S30M,-0.3029303806866998
S30L,0.5941604524319737
S30V,1.344675626859256
S30I,1.3884081611750645
S30W,0.5466295048433139
S30Y,0.6069582427198132
S30F,0.619848839078895
S30P,0.4499045150472538
S30C,0.5132743521671819
T31Q,1.4885788960845066
T31E,1.9661614249869144
T31N,1.7657712013641795
T31H,1.6495631951162195
T31D,2.014787165336653
T31R,1.3034163711831166
T31K,1.3919298856854794
T31S,0.5218243548922408
T31A,1.700755433565559
T31G,1.931341258064948
T31M,1.7004355398174178
T31L,1.753672319011263
T31V,1.6923422528303351
T31I,1.703737393578998
T31W,0.387649216024045
T31Y,1.5911783727006226
T31F,1.814591769769546
T31P,1.879943303691701
T31C,0.8438185018852797
W32Q,2.486973650668446
W32E,2.119744429984128
W32N,2.3104543112946843
W32H,2.5691388469890604
W32D,2.512251977676346
W32R,2.3843227662238795
W32K,2.967877054997854
W32T,2.404715193846411
W32S,2.098030834347477
W32A,1.9506166101891365
W32G,2.169705840610288
W32M,2.4326165171460112
W32L,2.1621474184013247
W32V,2.2562505519329163
W32I,2.2081101440083004
W32Y,1.916961088637116
W32F,2.0726115888130394
W32P,2.341209004285972
W32C,1.5575520089419728
E33Q,0.4441093826328122
E33N,1.374586157124947
E33H,0.625046997905577
E33D,2.010434540230696
E33R,1.0965178882653026
E33K,1.446649258081364
E33T,0.1567042798874416
E33S,1.4099740973498176
E33A,0.8469181730694819
E33G,2.0607811026490186
E33M,-0.7740140015504733
E33L,-1.29563665653284
E33V,-1.5880049784412855
E33I,-1.5571239226176807
E33W,0.0524754006108398
E33Y,0.4556721926164826
E33F,0.0796405873720305
E33P,2.088837210218601
E33C,-0.099153270965052
P34Q,0.6320063369360558
P34E,0.9273899399738998
P34N,0.7923860609813245
P34H,0.6515320464607017
P34D,0.6691706837438076
P34R,0.6573354427389451
P34K,0.5631358954625243
P34T,0.5250737302416786
P34S,0.2606297520711327
P34A,0.2896242014592527
P34G,0.7865888635787177
P34M,0.7569913974145304
P34L,0.2964428158373522
P34V,0.7914854675443528
P34I,0.7746341414984779
P34W,0.3355182380438166
P34Y,0.6960146102838054
P34F,0.7557739177260614
P34C,0.4612790669501563
E35Q,0.2876576913618511
E35N,1.1640041424235803
E35H,0.5506022663250918
E35D,1.2568048326223524
E35R,0.2775745082236756
E35K,0.380285390364004
E35T,0.6575711319338566
E35S,0.400525583269349
E35A,-0.3709032762149888
E35G,0.5006625444051083
E35M,0.0452316985057454
E35L,0.0292952099092032
E35V,-0.1691697497477791
E35I,-0.3450250224005153
E35W,0.0874226267239102
E35Y,0.3101041590070248
E35F,0.2447328022517836
E35P,0.2524824723342789
E35C,0.469398769294453
E36Q,0.5733915910397027
E36N,0.4012104064259034
E36H,0.0353659060524229
E36D,0.0043744569710146
E36R,0.6842644609536548
E36K,0.7478647934000775
E36T,0.4150094509893298
E36S,0.0906272368777529
E36A,0.1967705856576151
E36G,0.4210274635878062
E36M,0.7632250197836643
E36L,0.7819592802261859
E36V,0.8291608465603435
E36I,0.7973022685822515
E36W,0.4428147419976771
E36Y,0.6006902941578558
E36F,0.8207082977069367
E36P,1.4517054545492236
E36C,0.1475182087046498
H37Q,0.3650099424095256
H37E,0.719347803029533
H37N,-0.3385148088075822
H37D,0.4058353819478326
H37R,-0.4503027810327702
H37K,-0.2047732519295784
H37T,-0.0565219482375223
H37S,-0.2461410697152213
H37A,-0.2445639562555053
H37G,0.6168595613054904
H37M,-0.2768487828588433
H37L,-0.3746114352233052
H37V,-0.0309319318822014
H37I,-0.0866836881627564
H37W,0.4272202919196171
H37Y,0.1026641098235736
H37F,-0.2141448536677264
H37P,1.9790616626721813
H37C,-0.6681057245401054
I38Q,1.7954599669675104
I38E,2.0092499592610737
I38N,1.5177982567419994
I38H,1.7369176791450616
I38D,1.763898454075041
I38R,1.8320891748324413
I38K,1.760093270151552
I38T,1.6856344413163884
I38S,1.4686776536203443
I38A,1.0078278825867724
I38G,1.2673261843789088
I38M,0.7516550030005196
I38L,0.6827993725197419
I38V,0.6306874485246248
I38W,1.217266969200436
I38Y,1.1796539613975991
I38F,0.6456906568603713
I38P,1.2527238361419892
I38C,1.0296873520895715
L39Q,-0.0424958950810334
L39E,0.2767324768957082
L39N,-0.2022738614176935
L39H,0.0225525221461322
L39D,-0.0635597399889111
L39R,-0.4731005140093933
L39K,-0.2291957024457014
L39T,-0.2392414045930198
L39S,-0.0182847606419538
L39A,0.2205225152449057
L39G,0.0966344819171736
L39M,-0.0623708376594271
L39V,0.2869238769156745
L39I,0.1758497588479999
L39W,0.1884281215499021
L39Y,0.1566150851000216
L39F,0.0713804116997627
L39P,0.2620105357457256
L39C,-0.0180008049721696
D40Q,1.1604358328684377
D40E,0.6709351178259646
D40N,0.3989993663578524
D40H,1.0183519952424738
D40R,1.105933374829526
D40K,1.313241257311483
D40T,1.179737865180765
D40S,0.8632194406625184
D40A,0.8951725353790108
D40G,1.1699391724660255
D40M,1.2116915180694083
D40L,1.0291475440352365
D40V,1.1835971675064094
D40I,1.2035080815698382
D40W,0.6717715513189899
D40Y,1.1538530231167583
D40F,1.00341996247099
D40P,0.2890273487486854
D40C,0.4445400608577468
P41Q,-0.3585277125161137
P41E,0.0334333283454229
P41N,-0.0116364160745998
P41H,-0.4408049079355978
P41D,0.2191012231723146
P41R,-0.598194238363948
P41K,-0.7212281899278756
P41T,-0.0659293127729792
P41S,0.0050629164364512
P41A,-0.0684555724249413
P41G,0.0379418183742816
P41M,-0.3077216753752272
P41L,-0.4018504704227399
P41V,-0.3284022847815784
P41I,-0.4267526144542164
P41W,-0.6191583680223651
P41Y,-0.3856700038095031
P41F,-0.4970387222484995
P41C,-0.0880178297088041
R42Q,-0.0817064419645863
R42E,0.0346363192752354
R42N,0.0963209600675569
R42H,0.2983421548763272
R42D,0.0107538551624952
R42K,-0.0159090976684144
R42T,-0.4793683726631896
R42S,0.0960274483347265
R42A,-0.2624707584594241
R42G,-0.0030994028329014
R42M,-0.0416606429387251
R42L,-0.1335627962169203
R42V,0.1721231837848185
R42I,0.1303955666960936
R42W,-0.0644525416545751
R42Y,0.0039825510752806
R42F,-0.1769586747806228
R42P,0.9793809362826288
R42C,0.1589321270795585
L43Q,0.7270096642059034
L43E,1.1244244716182064
L43N,1.208511833629173
L43H,0.4516327715981967
L43D,1.3145840171911949
L43R,1.3608177378617534
L43K,0.8630229934384708
L43T,0.7327372222952151
L43S,0.9685430434575626
L43A,0.3883664514972191
L43G,1.229263509059647
L43M,0.1766690978119895
L43V,0.1260423151472016
L43I,-0.2137827996305996
L43W,0.5200857183482066
L43Y,0.4750719694194854
L43F,0.4424221611747549
L43P,0.703623609002225
L43C,0.3884055193645868
V44Q,1.0806188059186574
V44E,1.229756813730948
V44N,1.2843929987865648
V44H,0.6875445856214357
V44D,1.2532287992099385
V44R,1.0793048912435197
V44K,0.4491443040498724
V44T,0.7112925056823292
V44S,1.1538123580198048
V44A,1.0118764667474935
V44G,1.0607745016043986
V44M,0.6162044385108887
V44L,0.1998707642418908
V44I,-0.7548261319979752
V44W,0.5718674129921939
V44Y,0.5559775609732323
V44F,0.726924787841269
V44P,1.1817049575480607
V44C,0.0423662708064056
M45Q,-0.3669141542633056
M45E,-0.1294112922247703
M45N,0.4654451322582806
M45H,0.0920854276960034
M45D,0.3419226671754494
M45R,-0.1372904129138774
M45K,-0.1482294584359582
M45T,-0.0058397808481651
M45S,0.0082195423073856
M45A,-0.2111912754049898
M45G,0.6387280687437136
M45L,-0.0579318358191183
M45V,-0.1191984843328515
M45I,-0.1423767004452565
M45W,-0.1200395482175316
M45Y,0.1598043138800995
M45F,0.2332562156556727
M45P,0.8800497076972658
M45C,0.512428815948281
A46Q,0.0178220490073908
A46E,-0.1044080926160493
A46N,0.2599742181013278
A46H,0.4728643292223282
A46D,0.1354846345828146
A46R,0.3045369667878161
A46K,0.1452380519903306
A46T,0.5294005427955866
A46S,0.4365176408167939
A46G,0.6533439610185927
A46M,0.1259124190620966
A46L,0.0285768111136603
A46V,0.1946190388698792
A46I,0.031387434519241
A46W,-0.0181218212427203
A46Y,0.4232184107054786
A46F,0.2718449659446009
A46P,0.942099866057901
A46C,0.3622146817885201
Y47Q,1.285131304057162
Y47E,1.1633637416138969
Y47N,1.1245287313913326
Y47H,1.0094237278293845
Y47D,1.3222927358261845
Y47R,1.188240491970738
Y47K,1.2992358896774294
Y47T,1.2204566517645032
Y47S,0.9852416600169344
Y47A,1.1673158955812544
Y47G,1.060254903200104
Y47M,0.8105227159504658
Y47L,0.5915446165495071
Y47V,1.3294592836729977
Y47I,1.012638884719396
Y47W,-0.1117496473953063
Y47F,-0.3296949318070639
Y47P,1.2750817527293752
Y47C,0.7244988570755391
E48Q,0.3695939028169879
E48N,0.1516207875952111
E48H,0.4041940520169755
E48D,0.5102990524027806
E48R,0.966426006366536
E48K,0.7948190098893906
E48T,0.5750513020639456
E48S,0.7227747304534842
E48A,0.6138803225326674
E48G,0.8369457078130225
E48M,0.3263048119927942
E48L,-0.0170883070309266
E48V,0.5197912823297803
E48I,0.1195540095909959
E48W,0.6594138167973285
E48Y,0.5739118085552999
E48F,0.6492978870984638
E48P,1.0573290772268436
E48C,0.7151925385397218
E49Q,-0.221803417036825
E49N,0.1379253515571021
E49H,0.3697872232044399
E49D,0.2105237579539696
E49R,0.4159162246740091
E49K,0.111211712975813
E49T,0.1280685537593906
E49S,0.0543331936709194
E49A,0.0743923742340308
E49G,0.3330588989987935
E49M,0.0437216251370764
E49L,-0.1019456303143342
E49V,0.252380707321989
E49I,0.2508195818924874
E49W,0.6253443291772465
E49Y,0.4685991549437029
E49F,0.4285111612045038
E49P,0.9688676783381296
E49C,0.0032628223192943
